"Freq [GHz]","dB(S(waveport1:1,waveport3:1)) []","dB(S(waveport1:1,waveport2:1)) []","dB(S(waveport1:1,waveport4:1)) []","ang_rad(S(waveport1:1,waveport3:1)) [rad]","ang_rad(S(waveport1:1,waveport2:1)) [rad]","ang_rad(S(waveport1:1,waveport4:1)) [rad]"
0.001,-107.427278603039,-3.94853524463884E-10,-115.28371667997,1.56869638410643,-0.00209808219255805,1.56868596249491
0.0084975,-88.8414584244093,-1.4671059186197E-08,-96.697892420505,1.55295213756299,-0.0178282588048911,1.55286322261615
0.015995,-83.3476028798041,-5.20429386615008E-08,-91.2040290596017,1.53720784831459,-0.033558458061621,1.53704054992909
0.0234925,-80.0087128318466,-1.1223718737602E-07,-87.8651266565399,1.52146357429632,-0.0492886574305965,1.52121797391888
0.03099,-77.6028795380417,-1.94959940502792E-07,-85.459278664796,1.5057193132148,-0.0650188568855602,1.50539567662273
0.0384875,-75.720934274002,-2.99929532123361E-07,-83.5773275198047,1.48997506575572,-0.0807490564352293,1.48957538048148
0.045985,-74.175025469424,-4.26878732460933E-07,-82.0312773295097,1.47423083255355,-0.0964792560922425,1.47375372277709
0.0534825,-72.8631399853452,-5.75610469612131E-07,-80.7193890759453,1.45848661329946,-0.112209455867611,1.45792747801526
0.06098,-71.7236540008627,-7.46070314191729E-07,-79.5798619583107,1.44274240633095,-0.12793965576848,1.44210488449191
0.0684775,-70.7164766143062,-9.38432541721874E-07,-78.5726286491291,1.42699820833841,-0.143669855796523,1.42628252485497
0.075975,-69.814056245528,-1.15319919803272E-06,-77.6701405745326,1.41125401410976,-0.159400055946377,1.41046024348404
0.0834725,-68.9966416165084,-1.39131195167238E-06,-76.852646536657,1.39550981629103,-0.175130256203945,1.39463800201053
0.09097,-68.2495894996083,-1.6542766079725E-06,-76.1055026427168,1.3797656051555,-0.190860456544486,1.37881577048604
0.0984675,-67.561742285686,-1.94430018256198E-06,-75.4175503120163,1.36402136837896,-0.206590656930433,1.36299351401923
0.105965,-66.9244024815561,-2.25860333812746E-06,-74.7801066657799,1.3482771173912,-0.222320857629984,1.34717102477884
0.1134625,-66.3306588680102,-2.59499753642949E-06,-74.1862550434271,1.33253288555348,-0.23805105859899,1.33134860964506
0.12096,-65.7749284909448,-2.95401277362627E-06,-73.6304091972733,1.31678867285676,-0.253781259794668,1.31552633500916
0.1284575,-65.2526366659711,-3.3355773152107E-06,-73.1079944272926,1.3010444795134,-0.269511461232992,1.29970420315755
0.135955,-64.7599879249254,-3.73961516933144E-06,-72.6152152487097,1.28530030589376,-0.285241662930119,1.28388221742694
0.1434525,-64.2937985159594,-4.16604613886377E-06,-72.1488878920948,1.26955615248307,-0.30097186490241,1.2680603819176
0.15095,-63.8513716246215,-4.61478589758839E-06,-71.7063155244503,1.25381201985105,-0.316702067166431,1.25223870129142
0.1584475,-63.4304028728737,-5.08574604804799E-06,-71.285193748233,1.23806790863011,-0.332432269738973,1.23641718062664
0.165945,-63.0289076861895,-5.57883419579713E-06,-70.883537968457,1.22232381949927,-0.348162472637056,1.22059582531137
0.1734425,-62.6451647239185,-6.0939540197948E-06,-70.4996268230651,1.20657975317225,-0.363892675877941,1.20477464096415
0.18094,-62.2776712898799,-6.63100534761843E-06,-70.1319575935275,1.19083571038841,-0.379622879479142,1.18895363337377
0.1884375,-61.9251078019156,-7.18988423164216E-06,-69.7792106744022,1.17509169190578,-0.395353083458434,1.1731328084529
0.195935,-61.5863091978245,-7.77048304739452E-06,-69.440220979275,1.15934769849563,-0.411083287833863,1.1573121722019
0.2034325,-61.2602417135836,-8.37269054755697E-06,-69.1139547189882,1.14360373093813,-0.426813492623759,1.14149173068015
0.21093,-60.9459838663711,-8.99639198346529E-06,-68.7994903846708,1.12785979001894,-0.44254369784674,1.12567148998313
0.2184275,-60.6427107605897,-9.6414691687512E-06,-68.4960030537688,1.11211587652636,-0.458273903521725,1.10985145622367
0.225925,-60.3496810435671,-1.03078005834857E-05,-68.202751345754,1.09637199124906,-0.474004109667942,1.09403163551668
0.2334225,-60.0662259915959,-1.09952614696434E-05,-67.9190665081713,1.08062813497415,-0.48973431630494,1.07821203396633
0.24092,-59.7917403219832,-1.17037239236737E-05,-67.6443432286967,1.06488430848556,-0.505464523452591,1.06239265765533
0.2484175,-59.5256744135724,-1.24330569987156E-05,-67.3780318556678,1.04914051256269,-0.521194731131105,1.04657351263576
0.255915,-59.2675276843307,-1.31831268039188E-05,-67.1196317756793,1.03339674797919,-0.536924939361037,1.0307546049212
0.2634125,-59.0168429254413,-1.39537966191945E-05,-66.8686857476847,1.01765301550197,-0.552655148163291,1.01493594047992
0.27091,-58.7732014307618,-1.47449269848938E-05,-66.6247750324635,1.00190931589029,-0.568385357559133,0.999117525228809
0.2784075,-58.5362187913176,-1.55563758175225E-05,-66.3875151871244,0.986165649894956,-0.584115567570197,0.983299365028124
0.285905,-58.3055412487542,-1.63879985206342E-05,-66.1565524185666,0.970422018257601,-0.599845778218491,0.967481465676669
0.2934025,-58.0808425209019,-1.72396480976529E-05,-65.9315604090549,0.954678421710069,-0.615575989526406,0.951663832907524
0.3009,-57.8618210279521,-1.81111752618014E-05,-65.7122375424054,0.938934860973809,-0.631306201516721,0.935846472384139
0.3083975,-57.6481974600676,-1.90024285469949E-05,-65.498304471607,0.923191336759356,-0.647036414212612,0.920029389696763
0.315895,-57.4397126372029,-1.99132544331994E-05,-65.2895019786512,0.907447849765828,-0.662766627637658,0.904212590359148
0.3233925,-57.2361256199967,-2.08434974553963E-05,-65.0855890854359,0.891704400680481,-0.678496841815846,0.888396079805497
0.33089,-57.0372120371997,-2.17930003250834E-05,-64.8863413812039,0.875960990178283,-0.694227056771578,0.872579863387622
0.3383875,-56.8427626005207,-2.2761604050812E-05,-64.6915495374003,0.860217618921516,-0.709957272529676,0.856763946372285
0.345885,-56.6525817822412,-2.37491480616164E-05,-64.501017985298,0.844474287559411,-0.725687489115387,0.840948333938687
0.3533825,-56.4664866346496,-2.47554703217647E-05,-64.3145637354439,0.828730996727787,-0.741417706554392,0.825133031176103
0.36088,-56.2843057334269,-2.57804074522605E-05,-64.1320153210558,0.81298774704873,-0.757147924872805,0.809318043081653
0.3683775,-56.1058782296875,-2.68237948668088E-05,-63.9532118500756,0.797244539130269,-0.772878144097182,0.79350337455816
0.375875,-55.9310529975367,-2.7885466879817E-05,-63.7780021527384,0.781501373566086,-0.788608364254526,0.777689030412137
0.3833725,-55.7596878658235,-2.89652568394683E-05,-63.6062440133379,0.765758250935225,-0.804338585372285,0.76187501535185
0.39087,-55.5916489243034,-3.00629972395801E-05,-63.4378034764011,0.750015171801815,-0.820068807478366,0.746061333985466
0.3983675,-55.426809895725,-3.11785198738928E-05,-63.2725542187885,0.734272136714826,-0.835799030601127,0.730247990819297
0.405865,-55.2650515664667,-3.23116559199626E-05,-63.1103769803422,0.718529146207799,-0.851529254769392,0.714434990256092
0.4133625,-55.1062612692886,-3.34622360963441E-05,-62.9511590466521,0.702786200798622,-0.867259480012444,0.69862233659342
0.42086,-54.9503324125816,-3.46300907667338E-05,-62.794793778317,0.687043300989296,-0.882989706360034,0.68281003402211
0.4283575,-54.7971640511831,-3.58150500788305E-05,-62.6411801817739,0.671300447265714,-0.898719933842383,0.666998086624747
0.435855,-54.6466604944338,-3.70169440781231E-05,-62.4902225173687,0.655557640097459,-0.914450162490181,0.651186498374241
0.4433525,-54.498730947663,-3.82356028313212E-05,-62.3418299408541,0.639814879937585,-0.930180392334592,0.635375273132445
0.45085,-54.3532891837375,-3.94708565623229E-05,-62.1959161749528,0.624072167222441,-0.945910623407257,0.619564414648819
0.4583475,-54.2102532417009,-4.0722535751538E-05,-62.0523992080107,0.608329502371478,-0.961640855740289,0.603753926559172
0.465845,-54.0695451498634,-4.19904712814986E-05,-61.9112010171001,0.592586885787069,-0.977371089366284,0.587943812384428
0.4733425,-53.9310906710007,-4.32744945438976E-05,-61.7722473132328,0.576844317854343,-0.993101324318313,0.572134075529463
0.48084,-53.7948190675766,-4.45744375553057E-05,-61.6354673065974,0.561101798941019,-1.00883156062993,0.556324719281979
0.4883375,-53.6606628851303,-4.58901330883176E-05,-61.5007934899606,0.545359329397251,-1.02456179833516,0.540515746811434
0.495835,-53.5285577521681,-4.7221414778591E-05,-61.3681614385727,0.529616909555481,-1.04029203746852,0.524707161168013
0.5033325,-53.3984421950717,-4.85681172473144E-05,-61.2375096250916,0.513874539730298,-1.056022278065,0.508898965281654
0.51083,-53.2702574666927,-4.99300762140314E-05,-61.1087792481912,0.4981322202183,-1.07175252016007,0.493091161961113
0.5183275,-53.1439473874354,-5.1307128605609E-05,-60.9819140736586,0.482389951297969,-1.08748276378969,0.477283753893075
0.525825,-53.0194581977516,-5.26991126748481E-05,-60.8568602869046,0.466647733229549,-1.10321300899028,0.461476743641318
0.5333225,-52.8967384210785,-5.41058681017372E-05,-60.7335663559162,0.450905566254931,-1.11894325579874,0.445670133645915
0.54082,-52.7757387363453,-5.55272361130279E-05,-60.6119829037777,0.435163450597546,-1.13467350425247,0.429863926222476
0.5483175,-52.6564118592566,-5.69630595805956E-05,-60.4920625899696,0.419421386462263,-1.15040375438932,0.41405812356145
0.555815,-52.5387124316381,-5.8413183124622E-05,-60.3737599997296,0.403679374035295,-1.16613400624761,0.398252727727452
0.5633125,-52.4225969181968,-5.98774532167775E-05,-60.2570315408277,0.387937413484108,-1.18186425986616,0.382447740658645
0.57081,-52.3080235101068,-6.13557182969052E-05,-60.1418353471676,0.372195504957343,-1.19759451528423,0.366643164166165
0.5783075,-52.1949520348865,-6.28478288395586E-05,-60.0281311886788,0.356453648584734,-1.21332477254155,0.350838999933582
0.585805,-52.0833438720808,-6.43536374764717E-05,-59.9158803870146,0.340711844477043,-1.22905503167832,0.335035249516412
0.5933025,-51.9731618743052,-6.58729990823842E-05,-59.8050457366114,0.324970092725997,-1.24478529273522,0.319231914341667
0.6008,-51.8643702932483,-6.74057708570099E-05,-59.6955914307072,0.309228393404225,-1.26051555575334,0.303428995707443
0.6082975,-51.7569347102635,-6.89518124291843E-05,-59.5874829919479,0.293486746565213,-1.27624582077427,0.287626494782563
0.615795,-51.6508219712114,-7.05109859291902E-05,-59.4806872072462,0.277745152243254,-1.29197608784003,0.27182441260625
0.6232925,-51.5460001252465,-7.20831560880841E-05,-59.3751720665836,0.262003610453412,-1.30770635699309,0.256022750087844
0.63079,-51.4424383672632,-7.36681902945921E-05,-59.2709067054718,0.246262121191487,-1.32343662827637,0.240221508006566
0.6382875,-51.3401069837428,-7.52659587060096E-05,-59.1678613508157,0.230520684433989,-1.33916690173321,0.224420687011319
0.645785,-51.2389773017623,-7.68763342915961E-05,-59.0660072699374,0.214779300138113,-1.35489717740741,0.208620287620527
0.6532825,-51.1390216409468,-7.8499192918403E-05,-58.9653167225453,0.199037968241727,-1.37062745534318,0.192820310222024
0.66078,-51.0402132681639,-8.01344134342063E-05,-58.8657629154429,0.183296688663361,-1.38635773558517,0.177020755072976
0.6682775,-50.9425263547738,-8.17818777109037E-05,-58.7673199597956,0.167555461302204,-1.40208801817845,0.161221622299845
0.675775,-50.8459359362644,-8.34414707284122E-05,-58.6699628307809,0.151814286038101,-1.41781830316849,0.145422911898396
0.6832725,-50.7504178741138,-8.51130806151725E-05,-58.573667329467,0.136073162731565,-1.43354859060121,0.129624623733744
0.69077,-50.6559488197339,-8.67965987272254E-05,-58.4784100467718,0.12033209122379,-1.44927888052288,0.113826757540432
0.6982675,-50.5625061803604,-8.84919196925733E-05,-58.384168329369,0.104591071336664,-1.46500917298023,0.0980293129225633
0.705765,-50.4700680867646,-9.0198941463256E-05,-58.290920247415,0.0888501028727969,-1.48073946802034,0.0822322893539631
0.7132625,-50.3786133626715,-9.19175653587476E-05,-58.1986445639827,0.0731091856155503,-1.4964697656907,0.0664356861783797
0.72076,-50.2881214957765,-9.3647696131534E-05,-58.1073207060945,0.0573683193290689,-1.51220006603919,0.0506395026097302
0.7282575,-50.1985726102628,-9.5389241983508E-05,-58.0169287372545,0.0416275037583238,-1.52793036911406,0.0348437377323756
0.735755,-50.1099474407261,-9.71421146247971E-05,-57.927449331389,0.0258867386291558,-1.54366067496392,0.0190483905014456
0.7432525,-50.0222273074207,-9.89062293007663E-05,-57.838863748108,0.0101460236483243,-1.55939098363778,0.00325345974319099
0.75075,-49.9353940927492,-0.000100681504830595,-57.7511538092107,-0.00559464149643365,-1.57512129518497,-0.0125410558446207
0.7582475,-49.8494302189195,-0.000102467863625601,-57.6643018763575,-0.0213352571363458,-1.59085160965521,-0.0283351576922725
0.765745,-49.7643186267018,-0.000104265231736498,-57.5782908298424,-0.0370758236215365,-1.60658192709855,-0.04412884735763
0.7732425,-49.6800427552201,-0.000106073538862074,-57.4931040484002,-0.0528163413209585,-1.62231224756537,-0.0599221265256374
0.78074,-49.5965865227198,-0.00010789271836752,-57.4087253899885,-0.0685568106223153,-1.63804257110642,-0.0757149970077714
0.7882375,-49.5139343082534,-0.000109722707310467,-57.3251391734895,-0.0842972319319822,-1.65377289777275,-0.0915074607414679
0.795735,-49.4320709342339,-0.000111563446458351,-57.2423301612777,-0.10003760567492,-1.66950322761573,-0.107299519789505
0.8032325,-49.3509816498061,-0.000113414880282627,-57.1602835426068,-0.115777932294586,-1.68523356068707,-0.123091176339354
0.81073,-49.270652114991,-0.000115276956988666,-57.0789849177687,-0.13151821225284,-1.70096389703877,-0.138882432702498
0.8182275,-49.1910683855595,-0.000117149628507085,-56.998420282982,-0.147258446029842,-1.71669423672313,-0.154673291313712
0.825725,-49.1122168985963,-0.000119032850498566,-56.9185760159709,-0.162998634123952,-1.73242457979277,-0.170463754730305
0.8332225,-49.0340844587168,-0.000120926582352895,-56.8394388621965,-0.17873877705162,-1.74815492630056,-0.186253825631343
0.84072,-48.9566582249007,-0.000122830787194759,-56.7609959217054,-0.194478875347275,-1.76388527629969,-0.202043506816817
0.8482175,-48.8799256979108,-0.00012474543185481,-56.6832346365624,-0.210218929563206,-1.7796156298436,-0.217832801206801
0.855715,-48.8038747082653,-0.000126670486893783,-56.6061427788375,-0.225958940269441,-1.795345986986,-0.233621711840555
0.8632125,-48.7284934047348,-0.000128605926561997,-56.5297084391171,-0.241698908053625,-1.81107634778089,-0.249410241875618
0.87071,-48.6537702433367,-0.000130551728786819,-56.4539200155129,-0.257438833520886,-1.82680671228249,-0.265198394586844
0.8782075,-48.5796939768018,-0.000132507875178459,-56.3787662031418,-0.273178717293705,-1.84253708054528,-0.280986173365435
0.885705,-48.5062536444888,-0.000134474350987537,-56.3042359840548,-0.288918560011777,-1.85826745262398,-0.296773581717914
0.8932025,-48.4334385627231,-0.000136451145086769,-56.2303186175898,-0.304658362331868,-1.87399782857356,-0.312560623265095
0.9007,-48.3612383155409,-0.000138438249958434,-56.1570036311287,-0.320398124927675,-1.8897282084492,-0.328347301741001
0.9081975,-48.2896427458156,-0.000140435661649049,-56.084280811238,-0.33613784848967,-1.9054585923063,-0.34413362099176
0.915695,-48.2186419467501,-0.000142443379747202,-56.0121401951744,-0.351877533724952,-1.9211889802005,-0.359919584974479
0.9231925,-48.1482262537156,-0.000144461407363295,-55.9405720627363,-0.367617181357091,-1.93691937218761,-0.375705197756078
0.93069,-48.0783862364207,-0.000146489751085197,-55.8695669284468,-0.383356792125965,-1.95264976832367,-0.391490463512103
0.9381875,-48.0091126913944,-0.000148528420925202,-55.7991155340495,-0.3990963667876,-1.9683801686649,-0.407275386525507
0.945685,-47.9403966347692,-0.000150577430321004,-55.7292088413038,-0.414835906114,-1.98411057326772,-0.423059971185405
0.9531825,-47.8722292953479,-0.000152636796062404,-55.6598380250653,-0.430575410892978,-1.99984098218873,-0.4388442219858
0.96068,-47.8046021079433,-0.000154706538263356,-55.5909944666378,-0.446314881927984,-2.0155713954847,-0.454628143524294
0.9681775,-47.7375067069765,-0.000156786680318568,-55.5226697473836,-0.462054320037928,-2.03130181321257,-0.470411740500753
0.975675,-47.6709349203217,-0.000158877248850473,-55.4548556425808,-0.477793726056999,-2.04703223542945,-0.48619501771596
0.9831725,-47.6048787633874,-0.000160978273671621,-55.3875441155169,-0.493533100834481,-2.0627626621926,-0.501977980070246
0.99067,-47.539330433422,-0.000163089787738394,-55.3207273118055,-0.509272445234572,-2.07849309355943,-0.517760632562083
0.9981675,-47.4742823040342,-0.000165211827088331,-55.2543975539193,-0.525011760136189,-2.0942235295875,-0.533542980286666
1.005665,-47.4097269199185,-0.000167344430802518,-55.1885473359269,-0.54075104643278,-2.10995397033452,-0.549325028434461
1.0131625,-47.3456569917772,-0.000169487640950628,-55.1231693184257,-0.556490305032133,-2.12568441585831,-0.565106782289739
1.02066,-47.2820653914285,-0.000171641502529207,-55.058256323662,-0.572229536856169,-2.14141486621684,-0.580888247229082
1.0281575,-47.2189451470947,-0.000173806063414423,-54.9938013308298,-0.58796874284075,-2.15714532146819,-0.596669428719866
1.035655,-47.1562894388613,-0.000175981374315784,-54.9297974715407,-0.603707923935477,-2.17287578167056,-0.612450332318728
1.0431525,-47.0940915942997,-0.000178167488713455,-54.8662380254576,-0.619447081103478,-2.18860624688226,-0.628230963670006
1.05065,-47.032345084247,-0.000180364462797515,-54.8031164160848,-0.635186215321206,-2.20433671716172,-0.644011328504159
1.0581475,-46.9710435187357,-0.000182572355411059,-54.740426206708,-0.65092532757823,-2.22006719256744,-0.659791432636171
1.065645,-46.9101806430675,-0.000184791228014525,-54.678161096478,-0.666664418877018,-2.23579767315805,-0.675571281963934
1.0731425,-46.8497503340239,-0.000187021144592153,-54.616314916632,-0.682403490232724,-2.25152815899226,-0.691350882466605
1.08064,-46.7897465962101,-0.000189262171632704,-54.5548816268461,-0.698142542672974,-2.26725865012884,-0.707130240202953
1.0881375,-46.730163558524,-0.000191514378045565,-54.4938553117148,-0.713881577237644,-2.2829891466267,-0.722909361309687
1.095635,-46.6709954707474,-0.000193777835107716,-54.4332301773507,-0.729620594978638,-2.29871964854476,-0.738688251999759
1.1031325,-46.6122367002528,-0.000196052616426121,-54.3730005481013,-0.745359596959668,-2.31445015594206,-0.754466918560656
1.11063,-46.5538817288226,-0.000198338797863479,-54.3131608633763,-0.761098584256025,-2.3301806688777,-0.770245367352677
1.1181275,-46.4959251495743,-0.000200636457475545,-54.2537056745819,-0.776837557954354,-2.34591118741081,-0.786023604807184
1.125625,-46.4383616639895,-0.00020294567546388,-54.1946296421582,-0.792576519152426,-2.36164171160063,-0.801801637424848
1.1331225,-46.3811860790407,-0.00020526653414114,-54.1359275327143,-0.808315468958901,-2.37737224150643,-0.817579471773875
1.14062,-46.3243933044135,-0.000207599117832715,-54.0775942162585,-0.824054408493102,-2.39310277718751,-0.833357114488215
1.1481175,-46.2679783498193,-0.000209943512865159,-54.019624663519,-0.839793338884776,-2.40883331870327,-0.849134572265761
1.155615,-46.2119363223961,-0.00021229980748905,-53.9620139433518,-0.855532261273858,-2.42456386611311,-0.86491185186653
1.1631125,-46.1562624241928,-0.000214668091823056,-53.9047572202332,-0.871271176810237,-2.44029441947648,-0.880688960110833
1.17061,-46.1009519497345,-0.000217048457843337,-53.8478497518316,-0.887010086653508,-2.45602497885288,-0.896465903877431
1.1781075,-46.0460002836659,-0.000219440999273608,-53.7912868866581,-0.902748991972739,-2.47175554430183,-0.912242690101682
1.185605,-45.9914028984689,-0.000221845811592857,-53.7350640617908,-0.918487893946222,-2.48748611588289,-0.928019325773667
1.1931025,-45.9371553522525,-0.000224262991945669,-53.6791768006713,-0.934226793761232,-2.50321669365564,-0.943795817936312
1.2006,-45.8832532866121,-0.000226692639134512,-53.62362071097,-0.949965692613781,-2.51894727767968,-0.959572173683501
1.2080975,-45.829692424555,-0.000229134853541624,-53.5683914825176,-0.965704591708367,-2.53467786801465,-0.975348400158167
1.215595,-45.7764685684904,-0.00023158973712324,-53.5134848853011,-0.981443492257729,-2.55040846472019,-0.991124504550385
1.2230925,-45.7235775982812,-0.000234057393333402,-53.4588967675212,-0.997182395482597,-2.56613906785596,-1.00690049409545
1.23059,-45.6710154693551,-0.000236537927112397,-53.4046230537083,-1.01292130261144,-2.58186967748162,-1.02267637607193
1.2380875,-45.6187782108735,-0.000239031444846255,-53.3506597428968,-1.0286602148802,-2.59760029365688,-1.03845215779976
1.245585,-45.5668619239553,-0.00024153805432432,-53.2970029068535,-1.04439913353207,-2.6133309164414,-1.05422784663825
1.2530825,-45.5152627799542,-0.000244057864700684,-53.2436486883595,-1.06013805981721,-2.6290615458949,-1.07000344998415
1.26058,-45.4639770187871,-0.000246590986499972,-53.1905932995433,-1.07587699499249,-2.64479218207706,-1.08577897526971
1.2680775,-45.4130009473126,-0.00024913753155177,-53.1378330202628,-1.09161594032126,-2.66052282504758,-1.10155442996063
1.275575,-45.3623309377572,-0.000251697612978096,-53.0853641965352,-1.10735489707305,-2.67625347486617,-1.11732982155418
1.2830725,-45.3119634261866,-0.000254271345180862,-53.0331832390129,-1.12309386652336,-2.69198413159251,-1.13310515757713
1.29057,-45.2618949110233,-0.000256858843823559,-52.9812866215031,-1.13883284995334,-2.70771479528628,-1.1488804455838
1.2980675,-45.2121219516057,-0.000259460225775325,-52.9296708795307,-1.1545718486496,-2.72344546600718,-1.16465569315405
1.305565,-45.162641166789,-0.000262075609154346,-52.8783326089421,-1.17031086390386,-2.73917614381485,-1.18043090789129
1.3130625,-45.113449233587,-0.000264705113282536,-52.8272684645487,-1.18604989701278,-2.75490682876897,-1.19620609742044
1.32056,-45.0645428858512,-0.000267348858671074,-52.7764751588094,-1.20178894927759,-2.77063752092917,-1.21198126938595
1.3280575,-45.0159189129883,-0.000270006967018478,-52.7259494605492,-1.21752802200394,-2.78636822035508,-1.22775643144975
1.335555,-44.9675741587137,-0.000272679561227006,-52.6756881937146,-1.23326711650153,-2.8020989271063,-1.24353159128927
1.3430525,-44.9195055198392,-0.000275366765378548,-52.6256882361631,-1.24900623408391,-2.81782964124244,-1.25930675659537
1.35055,-44.8717099450951,-0.000278068704737525,-52.5759465184864,-1.26474537606817,-2.83356036282307,-1.27508193507034
1.3580475,-44.8241844339848,-0.000280785505767286,-52.5264600228655,-1.2804845437747,-2.84929109190772,-1.29085713442585
1.365545,-44.7769260356707,-0.000283517296111789,-52.477225781958,-1.29622373852688,-2.86502182855593,-1.30663236238095
1.3730425,-44.7299318478907,-0.000286264204657325,-52.428240877814,-1.31196296165086,-2.88075257282719,-1.32240762665997
1.38054,-44.683199015904,-0.000289026361477553,-52.3795024408231,-1.32770221447525,-2.89648332478099,-1.33818293499055
1.3880375,-44.6367247314661,-0.000291803897899081,-52.3310076486883,-1.34344149833085,-2.91221408447676,-1.35395829510157
1.395535,-44.5905062318303,-0.000294596946487968,-52.2827537254275,-1.35918081455039,-2.92794485197392,-1.36973371472109
1.4030325,-44.544540798777,-0.000297405641103734,-52.2347379404021,-1.37492016446824,-2.94367562733186,-1.38550920157435
1.41053,-44.498825757668,-0.000300230116885864,-52.18695760737,-1.39065954942015,-2.95940641060994,-1.40128476338169
1.4180275,-44.4533584765266,-0.000303070510313601,-52.1394100835647,-1.40639897074294,-2.97513720186745,-1.41706040785654
1.425525,-44.4081363651414,-0.000305926959204023,-52.0920927687971,-1.42213842977427,-2.99086800116371,-1.43283614270333
1.4330225,-44.3631568741935,-0.000308799602776659,-52.0450031045815,-1.43787792785232,-3.00659880855794,-1.44861197561552
1.44052,-44.3184174944071,-0.000311688581645781,-51.9981385732831,-1.45361746631553,-3.02232962410935,-1.46438791427347
1.4480175,-44.2739157557213,-0.000314594037901415,-51.9514966972884,-1.46935704650234,-3.03806044787713,-1.48016396634247
1.455515,-44.229649226484,-0.000317516115106448,-51.9050750381954,-1.48509666975084,-3.05379127992038,-1.49594013947069
1.4630125,-44.1856155126661,-0.000320454958380543,-51.8588711960251,-1.50083633739856,-3.0695221202982,-1.51171644128709
1.47051,-44.1418122570953,-0.000323410714403026,-51.8128828084526,-1.51657605078217,-3.08525296906963,-1.52749287939945
1.4780075,-44.0982371387107,-0.000326383531498729,-51.7671075500566,-1.53231581123717,-3.10098382629367,-1.54326946139229
1.485505,-44.0548878718345,-0.000329373559641848,-51.7215431315888,-1.54805562009762,-3.11671469202925,-1.55904619482486
1.4930025,-44.0117622054635,-0.000332380950528278,-51.6761872992599,-1.56379547869587,-3.13244556633527,-1.57482308722912
1.5005,-43.9688579225772,-0.000335405857653732,-51.6310378340439,-1.57953538836227,3.13500885790899,-1.59060014610766
1.5079975,-43.9261728394641,-0.000338448436326284,-51.586092550999,-1.59527535042485,3.11927796628558,-1.60637737893176
1.515495,-43.8837048050636,-0.000341508843730024,-51.5413492986049,-1.61101536620908,3.10354706591534,-1.62215479313929
1.5229925,-43.841451700325,-0.000344587238995461,-51.4968059581159,-1.62675543703756,3.08781615673959,-1.63793239613274
1.53049,-43.7994114375818,-0.000347683783257396,-51.4524604429296,-1.64249556422973,3.07208523869969,-1.65371019527721
1.5379875,-43.7575819599409,-0.000350798639707964,-51.4083106979701,-1.65823574910159,3.05635431173708,-1.66948819789837
1.545485,-43.7159612406877,-0.000353931973653544,-51.3643546990862,-1.67397599296538,3.04062337579325,-1.68526641128049
1.5529825,-43.6745472827043,-0.000357083952581301,-51.3205904524636,-1.68971629712935,3.02489243080976,-1.70104484266439
1.56048,-43.6333381179022,-0.000360254746230563,-51.2770159940502,-1.70545666289742,3.00916147672824,-1.71682349924552
1.5679775,-43.592331806669,-0.000363444526659367,-51.2336293889952,-1.72119709156889,2.99343051349035,-1.73260238817191
1.575475,-43.5515264373273,-0.000366653468279186,-51.1904287311007,-1.73693758443817,2.97769954103788,-1.74838151654222
1.5829725,-43.5109201256071,-0.000369881747956193,-51.1474121422861,-1.75267814279448,2.96196855931263,-1.76416089140373
1.59047,-43.4705110141306,-0.000373129545051775,-51.104577772064,-1.76841876792156,2.94623756825652,-1.77994051975041
1.5979675,-43.4302972719085,-0.000376397041505478,-51.0619237970287,-1.78415946109736,2.93050656781153,-1.7957204085209
1.605465,-43.3902770938487,-0.000379684421881303,-51.0194484203551,-1.79990022359375,2.9147755579197,-1.81150056459661
1.6129625,-43.3504487002759,-0.000382991873452582,-50.9771498713097,-1.81564105667625,2.89904453852317,-1.82728099479972
1.62046,-43.3108103364628,-0.000386319586250208,-50.9350264047713,-1.83138196160371,2.88331350956416,-1.84306170589127
1.6279575,-43.2713602721712,-0.000389667753150395,-50.893076300763,-1.84712293962802,2.86758247098497,-1.85884270456918
1.635455,-43.2320968012047,-0.000393036569892055,-50.8512978639939,-1.86286399199381,2.85185142272799,-1.87462399746635
1.6429525,-43.1930182409705,-0.000396426235198315,-50.8096894234106,-1.87860511993817,2.83612036473568,-1.89040559114873
1.65045,-43.1541229320521,-0.00039983695078424,-50.7682493317586,-1.89434632469035,2.82038929695064,-1.90618749211339
1.6579475,-43.1154092377907,-0.000403268921443645,-50.7269759651526,-1.91008760747144,2.8046582193155,-1.92196970678664
1.665445,-43.0768755438766,-0.000406722355122388,-50.6858677226561,-1.92582896949409,2.78892713177304,-1.93775224152208
1.6729425,-43.0385202579497,-0.000410197462909712,-50.6449230258696,-1.94157041196222,2.7731960342661,-1.95353510259878
1.68044,-43.0003418092082,-0.000413694459184834,-50.6041403185276,-1.95731193607073,2.75746492673765,-1.96931829621933
1.6879375,-42.962338648027,-0.000417213561571634,-50.5635180661031,-1.97305354300515,2.74173380913075,-1.985101828508
1.695435,-42.9245092455836,-0.000420754991077539,-50.5230547554216,-1.98879523394142,2.72600268138856,-2.00088570550888
1.7029325,-42.8868520934926,-0.000424318972063636,-50.4827488942811,-2.00453701004553,2.71027154345435,-2.01666993318401
1.71043,-42.8493657034481,-0.000427905732327623,-50.4425990110813,-2.02027887247326,2.69454039527151,-2.03245451741154
1.7179275,-42.8120486068736,-0.000431515503129861,-50.4026036544593,-2.03602082236985,2.67880923678355,-2.04823946398391
1.725425,-42.77489935458,-0.000435148519246426,-50.3627613929327,-2.05176286086974,2.66307806793407,-2.06402477860601
1.7329225,-42.7379165164305,-0.000438805018978766,-50.3230708145495,-2.06750498909624,2.64734688866679,-2.07981046689336
1.74042,-42.7010986810127,-0.000442485244188435,-50.2835305265454,-2.08324720816127,2.63161569892558,-2.09559653437033
1.7479175,-42.6644444553178,-0.000446189440321215,-50.244139155007,-2.09898951916502,2.61588449865439,-2.11138298646836
1.755415,-42.6279524644266,-0.000449917856432203,-50.2048953445417,-2.11473192319569,2.60015328779733,-2.12716982852413
1.7629125,-42.5916213512019,-0.000453670745180041,-50.1657977579539,-2.13047442132917,2.58442206629861,-2.14295706577784
1.77041,-42.5554497759878,-0.000457448362889615,-50.1268450759272,-2.14621701462877,2.56869083410257,-2.15874470337145
1.7779075,-42.5194364163147,-0.000461250969467205,-50.0880359967125,-2.1619597041449,2.5529595911537,-2.17453274634691
1.785405,-42.4835799666109,-0.000465078828481507,-50.0493692358219,-2.17770249091481,2.5372283373966,-2.19032119964446
1.7929025,-42.44787913792,-0.000468932207102893,-50.0108435257282,-2.19344537596224,2.521497072776,-2.20611006810091
1.8004,-42.412332657624,-0.000472811376142968,-49.9724576155696,-2.20918836029722,2.50576579723677,-2.22189935644794
1.8078975,-42.3769392691723,-0.000476716609962004,-49.9342102708598,-2.22493144491567,2.49003451072393,-2.23768906931037
1.815395,-42.341697731816,-0.000480648186490172,-49.8961002732038,-2.2406746307992,2.47430321318259,-2.25347921120456
1.8228925,-42.3066068203479,-0.000484606387222739,-49.8581264200174,-2.25641791891479,2.45857190455806,-2.26926978653671
1.83039,-42.2716653248474,-0.000488591497092783,-49.8202875242532,-2.27216131021448,2.44284058479572,-2.28506079960119
1.8378875,-42.2368720504308,-0.000492603804519432,-49.7825824141298,-2.28790480563512,2.42710925384114,-2.30085225457898
1.845385,-42.2022258170065,-0.000496643601301795,-49.7450099328666,-2.30364840609809,2.41137791163999,-2.31664415553599
1.8528825,-42.1677254590352,-0.000500711182532189,-49.7075689384229,-2.31939211250896,2.3956465581381,-2.3324365064215
1.86038,-42.1333698252945,-0.000504806846600974,-49.670258303241,-2.33513592575728,2.37991519328143,-2.3482293110666
1.8678775,-42.0991577786488,-0.000508930895063488,-49.6330769139939,-2.35087984671628,2.36418381701608,-2.36402257318255
1.875375,-42.065088195823,-0.000513083632565805,-49.5960236713368,-2.36662387624255,2.34845242928826,-2.37981629635934
1.8828725,-42.0311599671812,-0.000517265366739637,-49.5590974896633,-2.38236801517585,2.33272103004434,-2.39561048406408
1.89037,-41.9973719965095,-0.000521476408155092,-49.5222972968643,-2.39811226433874,2.31698961923082,-2.41140513963954
1.8978675,-41.9637232008031,-0.000525717070124925,-49.4856220340921,-2.4138566245364,2.30125819679431,-2.42720026630263
1.905365,-41.9302125100572,-0.000529987668649584,-49.4490706555272,-2.4296010965563,2.28552676268157,-2.44299586714296
1.9128625,-41.8968388670624,-0.000534288522254246,-49.4126421281491,-2.44534568116797,2.26979531683947,-2.45879194512136
1.92036,-41.8636012272039,-0.000538619951863463,-49.3763354315105,-2.46109037912273,2.25406385921501,-2.47458850306847
1.9278575,-41.8304985582642,-0.000542982280659417,-49.3401495575149,-2.47683519115343,2.23833238975529,-2.49038554368334
1.935355,-41.79752984023,-0.000547375833909308,-49.3040835101977,-2.49258011797418,2.22260090840755,-2.50618306953203
1.9428525,-41.7646940651026,-0.000551800938784068,-49.2681363055104,-2.50832516028014,2.20686941511912,-2.52198108304624
1.95035,-41.7319902367117,-0.000556257924254223,-49.2323069711077,-2.52407031874722,2.19113790983743,-2.53777958652197
1.9578475,-41.699417370533,-0.000560747120797699,-49.1965945461384,-2.53981559403187,2.17540639251003,-2.55357858211823
1.965345,-41.6669744935091,-0.000565268860285079,-49.1609980810383,-2.55556098677083,2.15967486308455,-2.56937807185571
1.9728425,-41.6346606438734,-0.000569823475770338,-49.1255166373265,-2.57130649758089,2.14394332150869,-2.58517805761553
1.98034,-41.6024748709781,-0.000574411301186122,-49.090149287405,-2.58705212705867,2.12821176773024,-2.60097854113797
1.9878375,-41.5704162351247,-0.000579032671241529,-49.0548951143602,-2.60279787578037,2.11248020169709,-2.61677952402131
1.995335,-41.5384838073975,-0.000583687921106769,-49.0197532117675,-2.61854374430156,2.09674862335713,-2.63258100772055
2.0028325,-41.506676669501,-0.000588377386171121,-48.9847226834984,-2.63428973315696,2.08101703265837,-2.64838299354634
2.01033,-41.4749939135992,-0.00059310140184331,-48.9498026435304,-2.65003584286023,2.06528542954881,-2.66418548266375
2.0178275,-41.4434346421589,-0.000597860303219774,-48.9149922157589,-2.66578207390374,2.04955381397651,-2.67998847609125
2.025325,-41.4119979677952,-0.000602654424839718,-48.8802905338121,-2.6815284267584,2.03382218588954,-2.69579197469954
2.0328225,-41.3806830131197,-0.000607484100399666,-48.8456967408677,-2.69727490187343,2.01809054523599,-2.71159597921058
2.04032,-41.349488910592,-0.000612349662457403,-48.811209989472,-2.71302149967618,2.00235889196395,-2.72740049019651
2.0478175,-41.3184148023734,-0.000617251442119521,-48.7768294413617,-2.72876822057196,1.98662722602148,-2.74320550807872
2.055315,-41.2874598401835,-0.00062218976873764,-48.7425542672872,-2.74451506494383,1.97089554735661,-2.75901103312683
2.0628125,-41.2566231851593,-0.000627164969576674,-48.7083836468384,-2.76026203315244,1.95516385591735,-2.77481706545782
2.07031,-41.2259040077168,-0.000632177369512006,-48.6743167682725,-2.77600912553586,1.93943215165161,-2.79062360503511
2.0778075,-41.1953014874148,-0.000637227290607098,-48.6403528283437,-2.79175634240942,1.92370043450727,-2.80643065166771
2.085305,-41.1648148128218,-0.000642315051898431,-48.606491032135,-2.80750368406555,1.90796870443207,-2.82223820500943
2.0928025,-41.1344431813846,-0.000647440968878594,-48.5727305928919,-2.82325115077365,1.89223696137366,-2.83804626455807
2.1003,-41.1041857992996,-0.000652605353277365,-48.5390707318577,-2.83899874277993,1.87650520527957,-2.85385482965466
2.1077975,-41.074041881386,-0.000657808512573734,-48.505510678111,-2.85474646030729,1.86077343609715,-2.86966389948279
2.115295,-41.044010650962,-0.00066305074967668,-48.4720496684044,-2.87049430355518,1.8450416537736,-2.88547347306793
2.1227925,-41.014091339722,-0.000668332362544237,-48.4386869470058,-2.88624227269952,1.82930985825592,-2.90128354927679
2.13029,-40.9842831876173,-0.000673653643748545,-48.4054217655406,-2.90199036789253,1.81357804949089,-2.91709412681675
2.1377875,-40.9545854427376,-0.000679014880052473,-48.3722533828357,-2.91773858926269,1.79784622742505,-2.93290520423531
2.145285,-40.9249973611959,-0.000684416352091365,-48.3391810647654,-2.93348693691463,1.78211439200468,-2.94871677991958
2.1527825,-40.8955182070139,-0.000689858333909153,-48.3062040840984,-2.94923541092902,1.76638254317575,-2.96452885209582
2.16028,-40.8661472520108,-0.000695341092511829,-48.2733217203468,-2.96498401136255,1.75065068088394,-2.98034141882906
2.1677775,-40.8368837756935,-0.000700864887477817,-48.2405332596164,-2.98073273824782,1.73491880507457,-2.99615447802269
2.175275,-40.8077270651481,-0.000706429970550984,-48.2078379944583,-2.99648159159328,1.71918691569259,-3.01196802741816
2.1827725,-40.7786764149347,-0.000712036585156492,-48.1752352237218,-3.01223057138325,1.70345501268253,-3.02778206459473
2.19027,-40.7497311269824,-0.000717684966024667,-48.1427242524094,-3.02797967757781,1.68772309598851,-3.04359658696921
2.1977675,-40.7208905104875,-0.000723375338734814,-48.1103043915325,-3.04372891011282,1.67199116555417,-3.0594115917958
2.205265,-40.6921538818129,-0.000729107919260002,-48.0779749579683,-3.0594782688999,1.65625922132265,-3.07522707616598
2.2127625,-40.6635205643888,-0.000734882913563913,-48.0457352743186,-3.0752277538264,1.64052726323657,-3.09104303700844
2.22026,-40.6349898886164,-0.000740700517135982,-48.0135846687696,-3.09097736475545,1.62479529123797,-3.10685947108905
2.2277575,-40.6065611917719,-0.000746560914625853,-47.9815224749528,-3.10672710152594,1.60906330526828,-3.12267637501094
2.235255,-40.5782338179129,-0.000752464279287856,-47.9495480318071,-3.12247696395258,1.59333130526832,-3.13849374521454
2.2427525,-40.5500071177866,-0.000758410772674291,-47.9176606834423,-3.13822695182591,1.5775992911782,3.12887372920182
2.25025,-40.5218804487394,-0.00076440054412426,-47.8858597790039,3.12920824226719,1.56186726293733,3.11305543776333
2.2577475,-40.4938531746277,-0.000770433730428015,-47.8541446725386,3.11345800422513,1.54613522048435,3.09723669169601
2.265245,-40.4659246657309,-0.000776510455322534,-47.822514722861,3.09770764150905,1.53040316375712,3.08141749520796
2.2727425,-40.4380942986656,-0.000782630829137541,-47.790969293422,3.08195715442435,1.51467109269265,3.0655978526686
2.28024,-40.4103614563017,-0.000788794948385591,-47.7595077521774,3.06620654330021,1.49893900722706,3.04977776860819
2.2877375,-40.3827255276793,-0.000795002895381078,-47.7281294714585,3.05045580848946,1.48320690729557,3.03395724771732
2.295235,-40.3551859079279,-0.000801254737804277,-47.6968338278425,3.03470495036845,1.46747479283239,3.01813629484632
2.3027325,-40.3277419981866,-0.000807550528412928,-47.6656202020257,3.01895396933692,1.45174266377076,3.00231491500457
2.31023,-40.3003932055256,-0.000813890304675715,-47.6344879786957,3.00320286581785,1.43601052004281,2.98649311335984
2.3177275,-40.2731389428697,-0.000820274088321819,-47.6034365464063,2.98745164025728,1.42027836157959,2.97067089523744
2.325225,-40.2459786289227,-0.000826701885132557,-47.5724652974524,2.97170029312412,1.40454618831098,2.95484826611936
2.3327225,-40.2189116880936,-0.000833173684642345,-47.5415736277465,2.95594882490999,1.38881400016566,2.93902523164338
2.34022,-40.1919375504235,-0.000839689459711404,-47.5107609366952,2.94019723612901,1.37308179707105,2.92320179760198
2.3477175,-40.1650556515148,-0.000846249166365603,-47.4800266270781,2.92444552731752,1.35734957895325,2.90737796994134
2.355215,-40.138265432461,-0.000852852743559141,-47.4493701049261,2.90869369903393,1.34161734573702,2.8915537547601
2.3627125,-40.1115663397782,-0.000859500112816684,-47.418790779402,2.89294175185841,1.3258850973457,2.87572915830815
2.37021,-40.0849578253378,-0.000866191178201466,-47.3882880626808,2.87718968639264,1.31015283370116,2.85990418698534
2.3777075,-40.0584393463005,-0.000872925826001777,-47.3578613698321,2.86143750325954,1.29442055472376,2.84407884734
2.385205,-40.0320103650517,-0.000879703924611307,-47.3275101187024,2.845685203103,1.27868826033229,2.82825314606755
2.3927025,-40.0056703491379,-0.000886525324455767,-47.2972337297991,2.8299327865875,1.26295595044393,2.81242709000885
2.4002,-39.9794187712048,-0.000893389857845257,-47.2670316261747,2.81418025439787,1.24722362497416,2.7966006861486
2.4076975,-39.9532551089362,-0.000900297338952007,-47.2369032333123,2.79842760723891,1.23149128383674,2.78077394161358
2.415195,-39.9271788449947,-0.000907247563744708,-47.206847979012,2.78267484583505,1.21575892694363,2.76494686367084
2.4226925,-39.9011894669629,-0.000914240310073307,-47.1768652932784,2.76692197092997,1.20002655420498,2.74911945972576
2.43019,-39.8752864672864,-0.000921275337653489,-47.1469546082082,2.75116898328625,1.184294165529,2.73329173732005
2.4376875,-39.8494693432182,-0.000928352388178465,-47.1171153578793,2.73541588368494,1.16856176082199,2.71746370412968
2.445185,-39.8237375967632,-0.000935471185502132,-47.0873469782411,2.71966267292518,1.15282933998821,2.70163536796266
2.4526825,-39.7980907346254,-0.000942631435704566,-47.0576489070049,2.70390935182373,1.13709690292987,2.68580673675674
2.46018,-39.7725282681551,-0.000949832827480601,-47.0280205835355,2.68815592121461,1.12136444954708,2.66997781857709
2.4676775,-39.747049713298,-0.000957075032289233,-46.9984614487439,2.67240238194854,1.10563197973775,2.65414862161374
2.475175,-39.7216545905451,-0.000964357704756661,-46.9689709449811,2.65664873489258,1.08989949339758,2.63831915417907
2.4826725,-39.6963424248838,-0.000971680482982899,-46.9395485159315,2.64089498092954,1.07416699042001,2.62248942470509
2.49017,-39.6711127457504,-0.000979042989099126,-46.9101936065094,2.62514112095756,1.05843447069612,2.60665944174065
2.4976675,-39.6459650869838,-0.000986444829650489,-46.8809056627539,2.60938715588959,1.04270193411462,2.59082921394861
2.505165,-39.6208989867797,-0.000993885596224828,-46.8516841317269,2.5936330866528,1.02696938056181,2.5749987501028
2.5126625,-39.5959139876468,-0.0010013648660843,-46.8225284614106,2.57787891418811,1.01123680992147,2.55916805908493
2.52016,-39.5710096363636,-0.00100888220278256,-46.7934381006067,2.56212463944959,0.995504222074875,2.54333714988141
2.5276575,-39.5461854839368,-0.00101643715701721,-46.7644124988361,2.54637026340392,0.979771616900717,2.52750603158001
2.535155,-39.52144108556,-0.00102402926742831,-46.7354511062394,2.53061578702979,0.964038994275064,2.51167471336648
2.5426525,-39.4967760005749,-0.0010316580614634,-46.7065533734794,2.51486121131729,0.948306354071313,2.49584320452097
2.55015,-39.4721897924319,-0.00103932305641808,-46.6777187516428,2.49910653726732,0.932573696160156,2.4800115144144
2.5576475,-39.4476820286536,-0.00104702376049198,-46.648946692145,2.48335176589098,0.916841020409533,2.46417965250472
2.565145,-39.4232522807979,-0.0010547596738747,-46.6202366466336,2.4675968982089,0.901108326684589,2.44834762833299
2.5726425,-39.3989001244236,-0.00106253029013067,-46.591588066895,2.4518419352506,0.885375614847656,2.43251545151944
2.58014,-39.3746251390557,-0.00107033509729182,-46.5630004047605,2.43608687805385,0.869642884758193,2.41668313175931
2.5876375,-39.3504269081532,-0.00107817357950485,-46.5344731120142,2.42033172766397,0.853910136272779,2.40085067881864
2.595135,-39.3263050190769,-0.00108604521838038,-46.5060056403017,2.40457648513317,0.838177369245067,2.38501810252992
2.6026325,-39.3022590630591,-0.00109394949470971,-46.4775974410397,2.38882115151983,0.822444583525775,2.36918541278761
2.61013,-39.278288635174,-0.00110188589002525,-46.449247965327,2.37306572788782,0.806711778962641,2.35335261954354
2.6176275,-39.2543933343095,-0.00110985388859401,-46.4209566638564,2.35731021530576,0.790978955400426,2.33751973280219
2.625125,-39.2305727631396,-0.00111785297924524,-46.3927229868275,2.3415546148463,0.775246112680892,2.32168676261585
2.6326225,-39.2068265280988,-0.00112588265734757,-46.364546383861,2.32579892758539,0.759513250642782,2.30585371907961
2.64012,-39.1831542393564,-0.00113394242708899,-46.3364263039139,2.31004315460151,0.743780369121826,2.2900206123263
2.6476175,-39.1595555107935,-0.00114203180361888,-46.3083621951957,2.29428729697497,0.728047467950727,2.27418745252124
2.655115,-39.1360299599794,-0.00115015031549591,-46.2803535050863,2.27853135578709,0.712314546959168,2.25835424985684
2.6626125,-39.1125772081505,-0.00115829750716667,-46.2523996800542,2.26277533211944,0.696581605973813,2.24252101454717
2.67011,-39.0891968801897,-0.00116647294162768,-46.2245001655771,2.24701922705311,0.680848644818329,2.22668775682227
2.6776075,-39.0658886046067,-0.00117467620317317,-46.1966544060623,2.23126304166787,0.66511566331339,2.21085448692243
2.685105,-39.0426520135202,-0.00118290690029626,-46.1688618447697,2.2155067770414,0.649382661276707,2.19502121509225
2.6926025,-39.0194867426404,-0.00119116466875992,-46.1411219237352,2.19975043424851,0.633649638523052,2.17918795157464
2.7001,-38.9963924312531,-0.00119944917472098,-46.1134340836955,2.18399401436033,0.617916594864292,2.16335470660465
2.7075975,-38.973368722205,-0.0012077601181261,-46.0857977640147,2.16823751844351,0.602183530109435,2.1475214904031
2.715095,-38.9504152618896,-0.00121609723613579,-46.0582124026115,2.15248094755942,0.586450444064668,2.13168831317022
2.7225925,-38.927531700235,-0.00122446030676737,-46.0306774358884,2.13672430276334,0.570717336533417,2.115855185079
2.73009,-38.904717690692,-0.00123284915272114,-46.0031922986618,2.12096758510363,0.554984207316409,2.10002211626845
2.7375875,-38.8819728902242,-0.00124126364526455,-45.975756424094,2.10521079562098,0.539251056211738,2.0841891168368
2.745085,-38.8592969592983,-0.00124970370838829,-45.9483692436259,2.08945393534752,0.52351788301494,2.06835619683439
2.7525825,-38.8366895618767,-0.00125816932310708,-45.921030186912,2.0736970053061,0.507784687519091,2.05252336625657
2.76008,-38.8141503654098,-0.00126666053181841,-45.893738681756,2.05794000650941,0.492051469514879,2.03669063503639
2.7675775,-38.7916790408311,-0.00127517744305575,-45.8664941540489,2.04218293995924,0.476318228790731,2.02085801303714
2.775075,-38.7692752625518,-0.00128372023619159,-45.8392960277074,2.02642580664564,0.460584965132905,2.00502551004474
2.7825725,-38.746938708458,-0.00129228916651481,-45.8121437246153,2.01066860754615,0.444851678325628,1.98919313576004
2.79007,-38.7246690599079,-0.00130088457032344,-45.785036664565,1.99491134362498,0.429118368151217,1.97336089979088
2.7975675,-38.702466001731,-0.00130950687037727,-45.7579742652017,1.9791540158323,0.413385034390227,1.95752881164409
2.805065,-38.680329222228,-0.00131815658140445,-45.7309559419688,1.96339662510341,0.397651676821601,1.94169688071729
2.8125625,-38.658258413172,-0.00132683431591194,-45.7039811080548,1.94763917235799,0.381918295222842,1.92586511629055
2.82006,-38.6362532698106,-0.00133554079012723,-45.6770491743425,1.93188165849937,0.366184889370184,1.91003352751789
2.8275575,-38.6143134908701,-0.00134427683018598,-45.650159549359,1.91612408441378,0.350451459038779,1.8942021234187
2.835055,-38.5924387785593,-0.0013530433785232,-45.6233116392283,1.90036645096962,0.334718004002903,1.87837091286886
2.8425525,-38.5706288385761,-0.00136184150047964,-45.5965048476254,1.88460875901676,0.318984524036165,1.86253990459188
2.85005,-38.5488833801142,-0.00137067239110777,-45.5697385757319,1.86885100938584,0.303251018911741,1.84670910714979
2.8575475,-38.5272021158713,-0.00137953738224309,-45.5430122221938,1.8530932028876,0.287517488402612,1.83087852893387
2.865045,-38.5055847620587,-0.00138843794977518,-45.5163251830811,1.8373353403122,0.271783932281818,1.81504817815525
2.8725425,-38.4840310384116,-0.00139737572115405,-45.4896768518491,1.82157742242863,0.256050350322733,1.79921806283542
2.88004,-38.462540668201,-0.00140635248311267,-45.463066619302,1.80581944998403,0.240316742299344,1.78338819079645
2.8875375,-38.4411133782468,-0.00141537018967694,-45.436493873558,1.79006142370313,0.224583107986563,1.76755856965119
2.895035,-38.4197488989318,-0.00142443097038984,-45.4099580000169,1.7743033442877,0.208849447160539,1.75172920679321
2.9025325,-38.3984469642168,-0.00143353713876138,-45.3834583813293,1.75854521241595,0.193115759598983,1.73590010938669
2.91003,-38.3772073116576,-0.00144269120102524,-45.356994397368,1.74278702874207,0.177382045081546,1.72007128435606
2.9175275,-38.3560296824221,-0.00145189586508271,-45.3305654252014,1.72702879389571,0.161648303390154,1.70424273837552
2.925025,-38.33491382131,-0.00146115404980445,-45.3041708390696,1.71127050848155,0.145914534309432,1.68841447785846
2.9325225,-38.3138594767718,-0.0014704688944539,-45.2778100103615,1.69551217307882,0.130180737627077,1.67258650894662
2.94002,-38.2928664009312,-0.00147984376853418,-45.2514823075954,1.679753788241,0.114446913134315,1.65675883749918
2.9475175,-38.2719343496069,-0.00148928228177592,-45.2251870964009,1.66399535449538,0.0987130606263226,1.64093146908167
2.955015,-38.2510630823362,-0.00149878829449075,-45.1989237395032,1.64823687234281,0.082979179902709,1.62510440895471
2.9625125,-38.2302523624005,-0.00150836592814277,-45.1726915967102,1.63247834225738,0.0672452707679972,1.60927766206264
2.97001,-38.2095019568505,-0.00151801957624827,-45.1464900249012,1.6167197646862,0.0515113330321326,1.5934512330219
2.9775075,-38.1888116365342,-0.00152775391553382,-45.1203183780188,1.60096114004924,0.035777366511021,1.57762512610938
2.985005,-38.1681811761247,-0.00153757391738697,-45.0941760070622,1.58520246873914,0.0200433710270769,1.56179934525055
2.9925025,-38.1476103541504,-0.00154748485961264,-45.0680622600837,1.56944375112113,0.0043093464098016,1.5459738940074
3,-38.1270989530254,-0.00155749233846952,-45.0419764821874,1.553684987533,-0.011424707503608,1.53014877556632

